NL-RETR	1	run1	barcode1	1	140	A	fwd	ambiguous snd	1	0.1096371011950444
NL-RETR	1	run1	barcode1	1	136	A	fwd	ambiguous snd	1	0.10967317394165388
NL-RETR	1	run1	barcode1	1	190	G	fwd	ambiguous snd	1	0.5834305717619602
NL-RETR	2	run2	barcode1	1	136	A	fwd	ambiguous snd	2	0.22145941756173182
NL-RETR	2	run2	barcode1	1	140	A	fwd	ambiguous snd	2	0.2214103841470165
NL-RETR	2	run2	barcode1	1	132	A	fwd	ambiguous snd	1	0.11079104808331487
NL-RETR	2	run2	barcode1	1	190	G	fwd	ambiguous snd	1	0.5561735261401557
NL-RKKR	1	run1	barcode2	18	147	AAAGAAAAAAAAGAGGAC	fwd	ambiguous	2	0.21372088053002777
NL-RKKR	1	run1	barcode2	16	127	CAAAGAAAAAAAAGAG	rev	unambiguous	1	0.10715816545220745
NL-RKKR	1	run1	barcode2	11	138	TCAAAGAAAAA	fwd	unambiguous	2	0.21383513311237035
NL-RKKR	1	run1	barcode2	10	137	TCAAAGAAAA	fwd	unambiguous	1	0.10695187165775401
NL-RKKR	1	run1	barcode2	8	135	TCAAAGAA	fwd	unambiguous	1	0.10698619878035734
NL-RKKR	1	run1	barcode2	3	136	AAA	fwd	ambiguous	1	0.1069747539580659
NL-RKKR	1	run1	barcode2	2	129	TC	fwd	ambiguous	8	0.8569898232458489
NL-RKKR	1	run1	barcode2	1	126	T	rev	unambiguous snd	95	10.181116707748366
NL-RKKR	1	run1	barcode2	1	140	G	rev	unambiguous snd	3	0.32071840923669015
NL-RKKR	1	run1	barcode2	1	123	C	rev	ambiguous snd	2	0.2143163309044149
NL-RKKR	1	run1	barcode2	1	134	A	fwd	ambiguous snd	1	0.10704345964461572
NL-RKKR	1	run1	barcode2	1	115	A	rev	unambiguous snd	1	0.10725010725010725
NL-RKKR	2	run2	barcode2	23	150	TCAAAGAAAAAAAAGAGGACTAT	fwd	ambiguous	1	0.10876658690450294
NL-RKKR	2	run2	barcode2	18	147	AAAGAAAAAAAAGAGGAC	fwd	ambiguous	2	0.2176278563656148
NL-RKKR	2	run2	barcode2	10	135	CCTCAAAGAA	fwd	unambiguous	1	0.10931351114997814
NL-RKKR	2	run2	barcode2	4	133	AAAG	fwd	ambiguous	2	0.21867483052700634
NL-RKKR	2	run2	barcode2	4	122	TCCC	rev	ambiguous	1	0.10940919037199125
NL-RKKR	2	run2	barcode2	3	129	CTC	fwd	ambiguous	1	0.1094331363536879
NL-RKKR	2	run2	barcode2	2	129	TC	fwd	ambiguous	8	0.8754650908295032
NL-RKKR	2	run2	barcode2	2	123	CC	rev	ambiguous	2	0.218842324105482
NL-RKKR	2	run2	barcode2	2	135	AA	fwd	ambiguous	1	0.10931351114997814
NL-RKKR	2	run2	barcode2	1	126	T	rev	unambiguous snd	95	10.391599212426165
NL-RKKR	2	run2	barcode2	1	140	G	rev	unambiguous snd	3	0.3272608268790226
NL-RKKR	2	run2	barcode2	1	123	C	rev	ambiguous snd	2	0.218842324105482
NL-RKKR	2	run2	barcode2	1	111	G	fwd	ambiguous snd	1	0.10985389432055367
NL-RKKR	2	run2	barcode2	1	164	A	fwd	unambiguous snd	1	0.10868383871318335
NL-RKKR	2	run2	barcode2	1	190	G	fwd	ambiguous snd	1	0.5720823798627003
